/* Accounts */
INSERT INTO "AIRPORT_RESERVATION_SYSTEM"."ACNT" (ACNT_ID, EMAIL, PASSWORD, FIRST_NAME, LAST_NAME, COUNTRY, CITY, STREET) VALUES ('0', 'ljubisa.mocic@gmail.com', 'admin', 'Ljubisa', 'Mocic', 'Serbia', 'Novi Sad', 'Dr Sime Milosevica');
INSERT INTO "AIRPORT_RESERVATION_SYSTEM"."ACNT" (ACNT_ID, EMAIL, PASSWORD, FIRST_NAME, LAST_NAME, COUNTRY, CITY) VALUES ('2', 'casey@beme.com', 'test', 'Casey', 'Neistat', 'United States', 'New York');

/* Locations */
INSERT INTO "AIRPORT_RESERVATION_SYSTEM"."LCN" (LCN_ID, COUNTRY, CITY, STREET, "number", LONGITUDE, LATITUDE, TIME_ZONE) VALUES ('0', 'Serbia', 'Belgrade', 'Nusica', '52', '51.21', '97.65', 'CC');
INSERT INTO "AIRPORT_RESERVATION_SYSTEM"."LCN" (LCN_ID, COUNTRY, CITY, STREET, "number", LONGITUDE, LATITUDE, TIME_ZONE) VALUES ('1', 'United States', 'New York', 'Watson', '541', '12.68', '59.63', 'AA');
INSERT INTO "AIRPORT_RESERVATION_SYSTEM"."LCN" (LCN_ID, COUNTRY, CITY, STREET, "number", LONGITUDE, LATITUDE, TIME_ZONE) VALUES ('2', 'England', 'London', 'Churchill', '12', '32.14', '53.111', 'QQ');
INSERT INTO "AIRPORT_RESERVATION_SYSTEM"."LCN" (LCN_ID, COUNTRY, CITY, STREET, "number", LONGITUDE, LATITUDE, TIME_ZONE) VALUES ('3', 'Serbia', 'Belgrade', 'Nusica', '52', '51.21', '97.65', 'CC');
INSERT INTO "AIRPORT_RESERVATION_SYSTEM"."LCN" (LCN_ID, COUNTRY, CITY, STREET, "number", LONGITUDE, LATITUDE, TIME_ZONE) VALUES ('4', 'United States', 'New York', 'Watson', '541', '12.68', '59.63', 'AA');
INSERT INTO "AIRPORT_RESERVATION_SYSTEM"."LCN" (LCN_ID, COUNTRY, CITY, STREET, "number", LONGITUDE, LATITUDE, TIME_ZONE) VALUES ('5', 'England', 'London', 'Churchill', '12', '32.14', '53.111', 'QQ');
INSERT INTO "AIRPORT_RESERVATION_SYSTEM"."LCN" (LCN_ID, COUNTRY, CITY, STREET, "number", LONGITUDE, LATITUDE, TIME_ZONE) VALUES ('6', 'Russia', 'Moscow', 'Pushkin', '12', '32.14', '53.111', 'QW');

/* Airlines */
INSERT INTO "AIRPORT_RESERVATION_SYSTEM"."ALN" (ALN_IATA, ALN_ICAO, LCN_LCN_ID, PHONE_NUMBER, EMAIL, WEBSITE) VALUES ('JU', 'ASL', '0', '+38165481648', 'support@airserbia.com', 'www.airserbia.com');
INSERT INTO "AIRPORT_RESERVATION_SYSTEM"."ALN" (ALN_IATA, ALN_ICAO, LCN_LCN_ID, PHONE_NUMBER, EMAIL, WEBSITE) VALUES ('AA', 'AAL', '1', '+8794521354', 'aa@aa.com', 'www.aa.com');
INSERT INTO "AIRPORT_RESERVATION_SYSTEM"."ALN" (ALN_IATA, ALN_ICAO, LCN_LCN_ID, PHONE_NUMBER, EMAIL, WEBSITE) VALUES ('EY', 'ETD', '2', '+126846848', 'contact@etihad.com', 'www.etihad.com');

/* Airports */
INSERT INTO "AIRPORT_RESERVATION_SYSTEM"."APT" (APT_IATA, APT_ICAO, LCN_LCN_ID, WEBSITE, EMAIL) VALUES ('JFK', 'JF', '3', 'www.jfk.nyc', 'contact@jfk.nyc');
INSERT INTO "AIRPORT_RESERVATION_SYSTEM"."APT" (APT_IATA, APT_ICAO, LCN_LCN_ID, WEBSITE, EMAIL) VALUES ('BEG', 'BG', '4', 'www.nikolateslaairport.com', 'contact@nikolateslaairport.com');
INSERT INTO "AIRPORT_RESERVATION_SYSTEM"."APT" (APT_IATA, APT_ICAO, LCN_LCN_ID, WEBSITE, EMAIL) VALUES ('SFO', 'SF', '5', 'www.flysfo.com', 'contact@flysfo.com');
INSERT INTO "AIRPORT_RESERVATION_SYSTEM"."APT" (APT_IATA, APT_ICAO, LCN_LCN_ID, WEBSITE, EMAIL) VALUES ('SVO', 'SV', '6', 'www.svo.aero/en/', 'contact@svo.aero');

/* Terminals */
INSERT INTO "AIRPORT_RESERVATION_SYSTEM"."TMN" (TMN_ID, APT_APT_IATA, TERMINAL_NAME) VALUES ('0', 'SVO', 'A');
INSERT INTO "AIRPORT_RESERVATION_SYSTEM"."TMN" (TMN_ID, APT_APT_IATA, TERMINAL_NAME) VALUES ('1', 'SVO', 'B');
INSERT INTO "AIRPORT_RESERVATION_SYSTEM"."TMN" (TMN_ID, APT_APT_IATA, TERMINAL_NAME) VALUES ('2', 'SVO', 'C');
INSERT INTO "AIRPORT_RESERVATION_SYSTEM"."TMN" (TMN_ID, APT_APT_IATA, TERMINAL_NAME) VALUES ('3', 'BEG', '1');
INSERT INTO "AIRPORT_RESERVATION_SYSTEM"."TMN" (TMN_ID, APT_APT_IATA, TERMINAL_NAME) VALUES ('4', 'JFK', 'X');
INSERT INTO "AIRPORT_RESERVATION_SYSTEM"."TMN" (TMN_ID, APT_APT_IATA, TERMINAL_NAME) VALUES ('5', 'JFK', 'Y');
INSERT INTO "AIRPORT_RESERVATION_SYSTEM"."TMN" (TMN_ID, APT_APT_IATA, TERMINAL_NAME) VALUES ('6', 'SFO', 'A');
INSERT INTO "AIRPORT_RESERVATION_SYSTEM"."TMN" (TMN_ID, APT_APT_IATA, TERMINAL_NAME) VALUES ('7', 'SFO', 'B');
INSERT INTO "AIRPORT_RESERVATION_SYSTEM"."TMN" (TMN_ID, APT_APT_IATA, TERMINAL_NAME) VALUES ('8', 'SFO', 'C');

/* Gates */
INSERT INTO "AIRPORT_RESERVATION_SYSTEM"."GATE" (TMN_ID, APT_IATA, GATE_ID) VALUES ('0', 'SVO', '0');
INSERT INTO "AIRPORT_RESERVATION_SYSTEM"."GATE" (TMN_ID, APT_IATA, GATE_ID) VALUES ('1', 'SVO', '1');
INSERT INTO "AIRPORT_RESERVATION_SYSTEM"."GATE" (TMN_ID, APT_IATA, GATE_ID) VALUES ('2', 'SVO', '2');

INSERT INTO "AIRPORT_RESERVATION_SYSTEM"."GATE" (TMN_ID, APT_IATA, GATE_ID) VALUES ('3', 'BEG', '3');
INSERT INTO "AIRPORT_RESERVATION_SYSTEM"."GATE" (TMN_ID, APT_IATA, GATE_ID) VALUES ('3', 'BEG', '4');

INSERT INTO "AIRPORT_RESERVATION_SYSTEM"."GATE" (TMN_ID, APT_IATA, GATE_ID) VALUES ('4', 'JFK', '5');
INSERT INTO "AIRPORT_RESERVATION_SYSTEM"."GATE" (TMN_ID, APT_IATA, GATE_ID) VALUES ('5', 'JFK', '6');

INSERT INTO "AIRPORT_RESERVATION_SYSTEM"."GATE" (TMN_ID, APT_IATA, GATE_ID) VALUES ('6', 'SFO', '7');
INSERT INTO "AIRPORT_RESERVATION_SYSTEM"."GATE" (TMN_ID, APT_IATA, GATE_ID) VALUES ('7', 'SFO', '8');
INSERT INTO "AIRPORT_RESERVATION_SYSTEM"."GATE" (TMN_ID, APT_IATA, GATE_ID) VALUES ('8', 'SFO', '9');

/* Passes */
INSERT INTO "AIRPORT_RESERVATION_SYSTEM"."PSS" (PSS_ID, VAL, TMN_ID, APT_IATA, GATE_ID) VALUES ('0', '0', '4', 'JFK', '5');

/* Schedules */
INSERT INTO "AIRPORT_RESERVATION_SYSTEM"."SCH" (TMN_APT_APT_IATA, TMN_TMN_ID, SCHEDULE_DATE) VALUES ('SVO', '0', TO_DATE('2018-01-17 00:00:00', 'YYYY-MM-DD HH24:MI:SS'));
INSERT INTO "AIRPORT_RESERVATION_SYSTEM"."SCH" (TMN_APT_APT_IATA, TMN_TMN_ID, SCHEDULE_DATE) VALUES ('SVO', '1', TO_DATE('2018-01-17 00:00:00', 'YYYY-MM-DD HH24:MI:SS'));
INSERT INTO "AIRPORT_RESERVATION_SYSTEM"."SCH" (TMN_APT_APT_IATA, TMN_TMN_ID, SCHEDULE_DATE) VALUES ('SVO', '2', TO_DATE('2018-01-17 00:00:00', 'YYYY-MM-DD HH24:MI:SS'));
INSERT INTO "AIRPORT_RESERVATION_SYSTEM"."SCH" (TMN_APT_APT_IATA, TMN_TMN_ID, SCHEDULE_DATE) VALUES ('JFK', '4', TO_DATE('2018-01-17 00:00:00', 'YYYY-MM-DD HH24:MI:SS'));
INSERT INTO "AIRPORT_RESERVATION_SYSTEM"."SCH" (TMN_APT_APT_IATA, TMN_TMN_ID, SCHEDULE_DATE) VALUES ('JFK', '5', TO_DATE('2018-01-17 00:00:00', 'YYYY-MM-DD HH24:MI:SS'));
INSERT INTO "AIRPORT_RESERVATION_SYSTEM"."SCH" (TMN_APT_APT_IATA, TMN_TMN_ID, SCHEDULE_DATE) VALUES ('SFO', '6', TO_DATE('2018-01-17 14:25:12', 'YYYY-MM-DD HH24:MI:SS'));
INSERT INTO "AIRPORT_RESERVATION_SYSTEM"."SCH" (TMN_APT_APT_IATA, TMN_TMN_ID, SCHEDULE_DATE) VALUES ('SFO', '7', TO_DATE('2018-01-17 14:25:43', 'YYYY-MM-DD HH24:MI:SS'));
INSERT INTO "AIRPORT_RESERVATION_SYSTEM"."SCH" (TMN_APT_APT_IATA, TMN_TMN_ID, SCHEDULE_DATE) VALUES ('SFO', '8', TO_DATE('2018-01-17 14:25:47', 'YYYY-MM-DD HH24:MI:SS'));

/* Routes */
INSERT INTO "AIRPORT_RESERVATION_SYSTEM"."RTE" (RTE_ID, DEPT_IATA, DEST_IATA) VALUES ('0', 'JFK', 'BEG');
INSERT INTO "AIRPORT_RESERVATION_SYSTEM"."RTE" (RTE_ID, DEPT_IATA, DEST_IATA) VALUES ('1', 'JFK', 'SFO');
INSERT INTO "AIRPORT_RESERVATION_SYSTEM"."RTE" (RTE_ID, DEPT_IATA, DEST_IATA) VALUES ('2', 'JFK', 'SVO');
INSERT INTO "AIRPORT_RESERVATION_SYSTEM"."RTE" (RTE_ID, DEPT_IATA, DEST_IATA) VALUES ('3', 'BEG', 'JFK');
INSERT INTO "AIRPORT_RESERVATION_SYSTEM"."RTE" (RTE_ID, DEPT_IATA, DEST_IATA) VALUES ('4', 'BEG', 'SFO');
INSERT INTO "AIRPORT_RESERVATION_SYSTEM"."RTE" (RTE_ID, DEPT_IATA, DEST_IATA) VALUES ('5', 'BEG', 'SVO');
INSERT INTO "AIRPORT_RESERVATION_SYSTEM"."RTE" (RTE_ID, DEPT_IATA, DEST_IATA) VALUES ('6', 'SFO', 'BEG');
INSERT INTO "AIRPORT_RESERVATION_SYSTEM"."RTE" (RTE_ID, DEPT_IATA, DEST_IATA) VALUES ('7', 'SFO', 'JFK');
INSERT INTO "AIRPORT_RESERVATION_SYSTEM"."RTE" (RTE_ID, DEPT_IATA, DEST_IATA) VALUES ('8', 'SFO', 'SVO');
INSERT INTO "AIRPORT_RESERVATION_SYSTEM"."RTE" (RTE_ID, DEPT_IATA, DEST_IATA) VALUES ('9', 'SVO', 'BEG');
INSERT INTO "AIRPORT_RESERVATION_SYSTEM"."RTE" (RTE_ID, DEPT_IATA, DEST_IATA) VALUES ('10', 'SVO', 'JFK');
INSERT INTO "AIRPORT_RESERVATION_SYSTEM"."RTE" (RTE_ID, DEPT_IATA, DEST_IATA) VALUES ('11', 'SVO', 'SFO');

/* Allowed routes */
INSERT INTO "AIRPORT_RESERVATION_SYSTEM"."ALW" (APT_APT_IATA, RTE_RTE_ID) VALUES ('JFK', '0');
INSERT INTO "AIRPORT_RESERVATION_SYSTEM"."ALW" (APT_APT_IATA, RTE_RTE_ID) VALUES ('JFK', '2');
INSERT INTO "AIRPORT_RESERVATION_SYSTEM"."ALW" (APT_APT_IATA, RTE_RTE_ID) VALUES ('BEG', '3');
INSERT INTO "AIRPORT_RESERVATION_SYSTEM"."ALW" (APT_APT_IATA, RTE_RTE_ID) VALUES ('BEG', '4');
INSERT INTO "AIRPORT_RESERVATION_SYSTEM"."ALW" (APT_APT_IATA, RTE_RTE_ID) VALUES ('SFO', '6');
INSERT INTO "AIRPORT_RESERVATION_SYSTEM"."ALW" (APT_APT_IATA, RTE_RTE_ID) VALUES ('SFO', '7');
INSERT INTO "AIRPORT_RESERVATION_SYSTEM"."ALW" (APT_APT_IATA, RTE_RTE_ID) VALUES ('SVO', '10');
INSERT INTO "AIRPORT_RESERVATION_SYSTEM"."ALW" (APT_APT_IATA, RTE_RTE_ID) VALUES ('SVO', '11');

/* Airplane */
INSERT INTO "AIRPORT_RESERVATION_SYSTEM"."APN" (APN_ID, ALN_ALN_IATA, AIRPLANE_NAME, MODEL, SERIAL_NUMBER, SEATS_COUNT) VALUES ('0', 'JU', 'Flash', 'Boeing 737', '340932409', '6');
INSERT INTO "AIRPORT_RESERVATION_SYSTEM"."APN" (APN_ID, ALN_ALN_IATA, AIRPLANE_NAME, MODEL, SERIAL_NUMBER, SEATS_COUNT) VALUES ('1', 'JU', 'Gordon', 'Boeing 747', '340932409', '6');
INSERT INTO "AIRPORT_RESERVATION_SYSTEM"."APN" (APN_ID, ALN_ALN_IATA, AIRPLANE_NAME, MODEL, SERIAL_NUMBER, SEATS_COUNT) VALUES ('2', 'AA', 'Shawshank', 'Ilyushin Il-76', '340932409', '6');
INSERT INTO "AIRPORT_RESERVATION_SYSTEM"."APN" (APN_ID, ALN_ALN_IATA, AIRPLANE_NAME, MODEL, SERIAL_NUMBER, SEATS_COUNT) VALUES ('3', 'AA', 'Redemption', 'Airbus A320', '340932409', '6');
INSERT INTO "AIRPORT_RESERVATION_SYSTEM"."APN" (APN_ID, ALN_ALN_IATA, AIRPLANE_NAME, MODEL, SERIAL_NUMBER, SEATS_COUNT) VALUES ('4', 'EY', 'Fight', 'Airbus A340', '340932409', '9');
INSERT INTO "AIRPORT_RESERVATION_SYSTEM"."APN" (APN_ID, ALN_ALN_IATA, AIRPLANE_NAME, MODEL, SERIAL_NUMBER, SEATS_COUNT) VALUES ('5', 'EY', 'Club', 'Boeing 787', '340932409', '9');

/* Classes */
INSERT INTO "AIRPORT_RESERVATION_SYSTEM"."CLS" (CLS_ID, APN_APN_ID, CLASS_NAME, SEAT_COUNT) VALUES ('0', '0', 'A', '3');
INSERT INTO "AIRPORT_RESERVATION_SYSTEM"."CLS" (CLS_ID, APN_APN_ID, CLASS_NAME, SEAT_COUNT) VALUES ('1', '0', 'B', '3');
INSERT INTO "AIRPORT_RESERVATION_SYSTEM"."CLS" (CLS_ID, APN_APN_ID, CLASS_NAME, SEAT_COUNT) VALUES ('2', '1', 'A', '3');
INSERT INTO "AIRPORT_RESERVATION_SYSTEM"."CLS" (CLS_ID, APN_APN_ID, CLASS_NAME, SEAT_COUNT) VALUES ('3', '1', 'B', '3');
INSERT INTO "AIRPORT_RESERVATION_SYSTEM"."CLS" (CLS_ID, APN_APN_ID, CLASS_NAME, SEAT_COUNT) VALUES ('4', '2', 'Business', '3');
INSERT INTO "AIRPORT_RESERVATION_SYSTEM"."CLS" (CLS_ID, APN_APN_ID, CLASS_NAME, SEAT_COUNT) VALUES ('5', '2', 'Economy', '3');
INSERT INTO "AIRPORT_RESERVATION_SYSTEM"."CLS" (CLS_ID, APN_APN_ID, CLASS_NAME, SEAT_COUNT) VALUES ('6', '3', 'Business', '3');
INSERT INTO "AIRPORT_RESERVATION_SYSTEM"."CLS" (CLS_ID, APN_APN_ID, CLASS_NAME, SEAT_COUNT) VALUES ('7', '3', 'Economy', '3');
INSERT INTO "AIRPORT_RESERVATION_SYSTEM"."CLS" (CLS_ID, APN_APN_ID, CLASS_NAME, SEAT_COUNT) VALUES ('8', '4', 'Premium', '3');
INSERT INTO "AIRPORT_RESERVATION_SYSTEM"."CLS" (CLS_ID, APN_APN_ID, CLASS_NAME, SEAT_COUNT) VALUES ('9', '4', 'Business', '3');
INSERT INTO "AIRPORT_RESERVATION_SYSTEM"."CLS" (CLS_ID, APN_APN_ID, CLASS_NAME, SEAT_COUNT) VALUES ('10', '4', 'Economy', '3');
INSERT INTO "AIRPORT_RESERVATION_SYSTEM"."CLS" (CLS_ID, APN_APN_ID, CLASS_NAME, SEAT_COUNT) VALUES ('11', '5', 'Premium', '3');
INSERT INTO "AIRPORT_RESERVATION_SYSTEM"."CLS" (CLS_ID, APN_APN_ID, CLASS_NAME, SEAT_COUNT) VALUES ('12', '5', 'Business', '3');
INSERT INTO "AIRPORT_RESERVATION_SYSTEM"."CLS" (CLS_ID, APN_APN_ID, CLASS_NAME, SEAT_COUNT) VALUES ('13', '5', 'Economy', '3');

/* Seats */
INSERT INTO "AIRPORT_RESERVATION_SYSTEM"."SEAT" (SEAT_ID, CLS_CLS_ID, CLS_APN_APN_ID) VALUES ('0', '0', '0');
INSERT INTO "AIRPORT_RESERVATION_SYSTEM"."SEAT" (SEAT_ID, CLS_CLS_ID, CLS_APN_APN_ID) VALUES ('1', '0', '0');
INSERT INTO "AIRPORT_RESERVATION_SYSTEM"."SEAT" (SEAT_ID, CLS_CLS_ID, CLS_APN_APN_ID) VALUES ('2', '0', '0');

INSERT INTO "AIRPORT_RESERVATION_SYSTEM"."SEAT" (SEAT_ID, CLS_CLS_ID, CLS_APN_APN_ID) VALUES ('3', '1', '0');
INSERT INTO "AIRPORT_RESERVATION_SYSTEM"."SEAT" (SEAT_ID, CLS_CLS_ID, CLS_APN_APN_ID) VALUES ('4', '1', '0');
INSERT INTO "AIRPORT_RESERVATION_SYSTEM"."SEAT" (SEAT_ID, CLS_CLS_ID, CLS_APN_APN_ID) VALUES ('5', '1', '0');

INSERT INTO "AIRPORT_RESERVATION_SYSTEM"."SEAT" (SEAT_ID, CLS_CLS_ID, CLS_APN_APN_ID) VALUES ('6', '2', '1');
INSERT INTO "AIRPORT_RESERVATION_SYSTEM"."SEAT" (SEAT_ID, CLS_CLS_ID, CLS_APN_APN_ID) VALUES ('7', '2', '1');
INSERT INTO "AIRPORT_RESERVATION_SYSTEM"."SEAT" (SEAT_ID, CLS_CLS_ID, CLS_APN_APN_ID) VALUES ('8', '2', '1');

INSERT INTO "AIRPORT_RESERVATION_SYSTEM"."SEAT" (SEAT_ID, CLS_CLS_ID, CLS_APN_APN_ID) VALUES ('9', '3', '1');
INSERT INTO "AIRPORT_RESERVATION_SYSTEM"."SEAT" (SEAT_ID, CLS_CLS_ID, CLS_APN_APN_ID) VALUES ('10', '3', '1');
INSERT INTO "AIRPORT_RESERVATION_SYSTEM"."SEAT" (SEAT_ID, CLS_CLS_ID, CLS_APN_APN_ID) VALUES ('11', '3', '1');

INSERT INTO "AIRPORT_RESERVATION_SYSTEM"."SEAT" (SEAT_ID, CLS_CLS_ID, CLS_APN_APN_ID) VALUES ('12', '4', '2');
INSERT INTO "AIRPORT_RESERVATION_SYSTEM"."SEAT" (SEAT_ID, CLS_CLS_ID, CLS_APN_APN_ID) VALUES ('13', '4', '2');
INSERT INTO "AIRPORT_RESERVATION_SYSTEM"."SEAT" (SEAT_ID, CLS_CLS_ID, CLS_APN_APN_ID) VALUES ('14', '4', '2');

INSERT INTO "AIRPORT_RESERVATION_SYSTEM"."SEAT" (SEAT_ID, CLS_CLS_ID, CLS_APN_APN_ID) VALUES ('15', '5', '2');
INSERT INTO "AIRPORT_RESERVATION_SYSTEM"."SEAT" (SEAT_ID, CLS_CLS_ID, CLS_APN_APN_ID) VALUES ('16', '5', '2');
INSERT INTO "AIRPORT_RESERVATION_SYSTEM"."SEAT" (SEAT_ID, CLS_CLS_ID, CLS_APN_APN_ID) VALUES ('17', '5', '2');

INSERT INTO "AIRPORT_RESERVATION_SYSTEM"."SEAT" (SEAT_ID, CLS_CLS_ID, CLS_APN_APN_ID) VALUES ('18', '6', '3');
INSERT INTO "AIRPORT_RESERVATION_SYSTEM"."SEAT" (SEAT_ID, CLS_CLS_ID, CLS_APN_APN_ID) VALUES ('19', '6', '3');
INSERT INTO "AIRPORT_RESERVATION_SYSTEM"."SEAT" (SEAT_ID, CLS_CLS_ID, CLS_APN_APN_ID) VALUES ('20', '6', '3');

INSERT INTO "AIRPORT_RESERVATION_SYSTEM"."SEAT" (SEAT_ID, CLS_CLS_ID, CLS_APN_APN_ID) VALUES ('21', '7', '3');
INSERT INTO "AIRPORT_RESERVATION_SYSTEM"."SEAT" (SEAT_ID, CLS_CLS_ID, CLS_APN_APN_ID) VALUES ('22', '7', '3');
INSERT INTO "AIRPORT_RESERVATION_SYSTEM"."SEAT" (SEAT_ID, CLS_CLS_ID, CLS_APN_APN_ID) VALUES ('23', '7', '3');

INSERT INTO "AIRPORT_RESERVATION_SYSTEM"."SEAT" (SEAT_ID, CLS_CLS_ID, CLS_APN_APN_ID) VALUES ('24', '8', '4');
INSERT INTO "AIRPORT_RESERVATION_SYSTEM"."SEAT" (SEAT_ID, CLS_CLS_ID, CLS_APN_APN_ID) VALUES ('25', '8', '4');
INSERT INTO "AIRPORT_RESERVATION_SYSTEM"."SEAT" (SEAT_ID, CLS_CLS_ID, CLS_APN_APN_ID) VALUES ('26', '8', '4');

INSERT INTO "AIRPORT_RESERVATION_SYSTEM"."SEAT" (SEAT_ID, CLS_CLS_ID, CLS_APN_APN_ID) VALUES ('27', '9', '4');
INSERT INTO "AIRPORT_RESERVATION_SYSTEM"."SEAT" (SEAT_ID, CLS_CLS_ID, CLS_APN_APN_ID) VALUES ('28', '9', '4');
INSERT INTO "AIRPORT_RESERVATION_SYSTEM"."SEAT" (SEAT_ID, CLS_CLS_ID, CLS_APN_APN_ID) VALUES ('29', '9', '4');

INSERT INTO "AIRPORT_RESERVATION_SYSTEM"."SEAT" (SEAT_ID, CLS_CLS_ID, CLS_APN_APN_ID) VALUES ('30', '10', '4');
INSERT INTO "AIRPORT_RESERVATION_SYSTEM"."SEAT" (SEAT_ID, CLS_CLS_ID, CLS_APN_APN_ID) VALUES ('31', '10', '4');
INSERT INTO "AIRPORT_RESERVATION_SYSTEM"."SEAT" (SEAT_ID, CLS_CLS_ID, CLS_APN_APN_ID) VALUES ('32', '10', '4');

INSERT INTO "AIRPORT_RESERVATION_SYSTEM"."SEAT" (SEAT_ID, CLS_CLS_ID, CLS_APN_APN_ID) VALUES ('33', '11', '5');
INSERT INTO "AIRPORT_RESERVATION_SYSTEM"."SEAT" (SEAT_ID, CLS_CLS_ID, CLS_APN_APN_ID) VALUES ('34', '11', '5');
INSERT INTO "AIRPORT_RESERVATION_SYSTEM"."SEAT" (SEAT_ID, CLS_CLS_ID, CLS_APN_APN_ID) VALUES ('35', '11', '5');

INSERT INTO "AIRPORT_RESERVATION_SYSTEM"."SEAT" (SEAT_ID, CLS_CLS_ID, CLS_APN_APN_ID) VALUES ('36', '12', '5');
INSERT INTO "AIRPORT_RESERVATION_SYSTEM"."SEAT" (SEAT_ID, CLS_CLS_ID, CLS_APN_APN_ID) VALUES ('37', '12', '5');
INSERT INTO "AIRPORT_RESERVATION_SYSTEM"."SEAT" (SEAT_ID, CLS_CLS_ID, CLS_APN_APN_ID) VALUES ('38', '12', '5');

INSERT INTO "AIRPORT_RESERVATION_SYSTEM"."SEAT" (SEAT_ID, CLS_CLS_ID, CLS_APN_APN_ID) VALUES ('39', '13', '5');
INSERT INTO "AIRPORT_RESERVATION_SYSTEM"."SEAT" (SEAT_ID, CLS_CLS_ID, CLS_APN_APN_ID) VALUES ('40', '13', '5');
INSERT INTO "AIRPORT_RESERVATION_SYSTEM"."SEAT" (SEAT_ID, CLS_CLS_ID, CLS_APN_APN_ID) VALUES ('41', '13', '5');


/* Working airlines on airports */
INSERT INTO "AIRPORT_RESERVATION_SYSTEM"."WRN" (APT_APT_IATA, ALN_ALN_IATA) VALUES ('JFK', 'JU');
INSERT INTO "AIRPORT_RESERVATION_SYSTEM"."WRN" (APT_APT_IATA, ALN_ALN_IATA) VALUES ('JFK', 'AA');
INSERT INTO "AIRPORT_RESERVATION_SYSTEM"."WRN" (APT_APT_IATA, ALN_ALN_IATA) VALUES ('JFK', 'EY');
INSERT INTO "AIRPORT_RESERVATION_SYSTEM"."WRN" (APT_APT_IATA, ALN_ALN_IATA) VALUES ('SVO', 'JU');
INSERT INTO "AIRPORT_RESERVATION_SYSTEM"."WRN" (APT_APT_IATA, ALN_ALN_IATA) VALUES ('SVO', 'EY');
INSERT INTO "AIRPORT_RESERVATION_SYSTEM"."WRN" (APT_APT_IATA, ALN_ALN_IATA) VALUES ('SFO', 'JU');
INSERT INTO "AIRPORT_RESERVATION_SYSTEM"."WRN" (APT_APT_IATA, ALN_ALN_IATA) VALUES ('SFO', 'AA');
INSERT INTO "AIRPORT_RESERVATION_SYSTEM"."WRN" (APT_APT_IATA, ALN_ALN_IATA) VALUES ('SFO', 'EY');
INSERT INTO "AIRPORT_RESERVATION_SYSTEM"."WRN" (APT_APT_IATA, ALN_ALN_IATA) VALUES ('BEG', 'JU');
INSERT INTO "AIRPORT_RESERVATION_SYSTEM"."WRN" (APT_APT_IATA, ALN_ALN_IATA) VALUES ('BEG', 'EY');

/* Flights */
INSERT INTO "AIRPORT_RESERVATION_SYSTEM"."FLG" (WRN_APT_APT_IATA, WRN_ALN_ALN_IATA, ALW_RTE_RTE_ID, REPEAT_TYPE, DISTANCE, DURATION) VALUES ('JFK', 'JU', '0', 'DAILY', '100', '200');
INSERT INTO "AIRPORT_RESERVATION_SYSTEM"."FLG" (WRN_APT_APT_IATA, WRN_ALN_ALN_IATA, ALW_RTE_RTE_ID, REPEAT_TYPE, DISTANCE, DURATION) VALUES ('JFK', 'EY', '2', 'MNTLY', '300', '200');
INSERT INTO "AIRPORT_RESERVATION_SYSTEM"."FLG" (WRN_APT_APT_IATA, WRN_ALN_ALN_IATA, ALW_RTE_RTE_ID, REPEAT_TYPE, DISTANCE, DURATION) VALUES ('BEG', 'JU', '3', 'DAILY', '500', '50');
INSERT INTO "AIRPORT_RESERVATION_SYSTEM"."FLG" (WRN_APT_APT_IATA, WRN_ALN_ALN_IATA, ALW_RTE_RTE_ID, REPEAT_TYPE, DISTANCE, DURATION) VALUES ('SFO', 'JU', '6', 'DAILY', '600', '100');
INSERT INTO "AIRPORT_RESERVATION_SYSTEM"."FLG" (WRN_APT_APT_IATA, WRN_ALN_ALN_IATA, ALW_RTE_RTE_ID, REPEAT_TYPE, DISTANCE, DURATION) VALUES ('SFO', 'AA', '7', 'WEKLY', '700', '300');

/* Sessions */
INSERT INTO "AIRPORT_RESERVATION_SYSTEM"."SES" (SES_ID, APN_APN_ID, SCH_TMN_TMN_ID, SCH_TMN_APT_APT_IATA, "from", "to") VALUES ('0', '5', '4', 'JFK', TO_DATE('2018-01-17 16:52:56', 'YYYY-MM-DD HH24:MI:SS'), TO_DATE('2018-01-17 18:53:00', 'YYYY-MM-DD HH24:MI:SS'));
INSERT INTO "AIRPORT_RESERVATION_SYSTEM"."SES" (SES_ID, APN_APN_ID, SCH_TMN_TMN_ID, SCH_TMN_APT_APT_IATA, "from", "to") VALUES ('1', '4', '5', 'JFK', TO_DATE('2018-01-17 11:52:56', 'YYYY-MM-DD HH24:MI:SS'), TO_DATE('2018-01-17 15:53:00', 'YYYY-MM-DD HH24:MI:SS'));
INSERT INTO "AIRPORT_RESERVATION_SYSTEM"."SES" (SES_ID, APN_APN_ID, SCH_TMN_TMN_ID, SCH_TMN_APT_APT_IATA, "from", "to") VALUES ('2', '0', '4', 'JFK', TO_DATE('2018-01-17 17:22:54', 'YYYY-MM-DD HH24:MI:SS'), TO_DATE('2018-01-18 17:22:57', 'YYYY-MM-DD HH24:MI:SS'));
INSERT INTO "AIRPORT_RESERVATION_SYSTEM"."SES" (SES_ID, APN_APN_ID, SCH_TMN_TMN_ID, SCH_TMN_APT_APT_IATA, "from", "to") VALUES ('3', '3', '6', 'SFO', TO_DATE('2018-01-17 17:22:54', 'YYYY-MM-DD HH24:MI:SS'), TO_DATE('2018-01-18 17:22:57', 'YYYY-MM-DD HH24:MI:SS'));

/* Instance */
INSERT INTO "AIRPORT_RESERVATION_SYSTEM"."INS" (INS_ID, SES_SES_ID, READY, FLG_ROUTE_ID, FLG_AIRPORT_IATA, FLG_AIRLINE_IATA) VALUES ('0', '2', '0', '0', 'JFK', 'JU');
INSERT INTO "AIRPORT_RESERVATION_SYSTEM"."INS" (INS_ID, SES_SES_ID, READY, FLG_ROUTE_ID, FLG_AIRPORT_IATA, FLG_AIRLINE_IATA) VALUES ('1', '0', '0', '2', 'JFK', 'EY');
INSERT INTO "AIRPORT_RESERVATION_SYSTEM"."INS" (INS_ID, SES_SES_ID, READY, FLG_ROUTE_ID, FLG_AIRPORT_IATA, FLG_AIRLINE_IATA) VALUES ('2', '3', '0', '7', 'SFO', 'AA');

/* Credit card */
INSERT INTO "AIRPORT_RESERVATION_SYSTEM"."CRC" (CRC_ID, ACNT_ACNT_ID, CREDIT_CARD_NUMBER, EXPIRATION_DATE, CCV, FIRST_NAME, LAST_NAME) VALUES ('0', '0', '5516934166494842', TO_DATE('2020-01-23 17:30:21', 'YYYY-MM-DD HH24:MI:SS'), '555', 'Ljubisa', 'Mocic');
INSERT INTO "AIRPORT_RESERVATION_SYSTEM"."CRC" (CRC_ID, ACNT_ACNT_ID, CREDIT_CARD_NUMBER, EXPIRATION_DATE, CCV, FIRST_NAME, LAST_NAME) VALUES ('2', '2', '5516934166414842', TO_DATE('2020-01-23 17:30:21', 'YYYY-MM-DD HH24:MI:SS'), '555', 'Casey', 'Neistat');

/* Loyalty card */
INSERT INTO "AIRPORT_RESERVATION_SYSTEM"."LCD" (LCD_ID, TIER, DISCOUNT, ACNT_ACNT_ID) VALUES ('0', '3', '10', '0');

/* Request */
INSERT INTO "AIRPORT_RESERVATION_SYSTEM"."REQ" (REQ_ID, ACNT_ACNT_ID) VALUES ('0', '0');

/* Reservation */
INSERT INTO "AIRPORT_RESERVATION_SYSTEM"."RES" (RES_ID, SES_SES_ID, SEAT_SEAT_ID, SEAT_CLS_CLS_ID, SEAT_CLS_APN_APN_ID, COST, STATUS) VALUES ('0', '2', '0', '0', '0', '50', '0');
INSERT INTO "AIRPORT_RESERVATION_SYSTEM"."RES" (RES_ID, SES_SES_ID, SEAT_SEAT_ID, SEAT_CLS_CLS_ID, SEAT_CLS_APN_APN_ID, COST, STATUS) VALUES ('1', '2', '0', '0', '0', '300', '0');

/* Invoice */
INSERT INTO "AIRPORT_RESERVATION_SYSTEM"."INV" (INV_ID, TOTAL_COST) VALUES ('0', '0');

/* Request reservation */
INSERT INTO "AIRPORT_RESERVATION_SYSTEM"."REQ_RES" (REQ_ID, RES_RES_ID, INV_INV_ID, REQ_ACNT_ACNT_ID, TYPE) VALUES ('0', '0', '0', '0', '0');

/* Transaction */
INSERT INTO "AIRPORT_RESERVATION_SYSTEM"."TRS" (TRS_ID, INV_INV_ID) VALUES ('0', '0');

/* Ticket */
INSERT INTO "AIRPORT_RESERVATION_SYSTEM"."TCT" (TCT_ID, TRS_TRS_ID, RES_RES_ID, PSS_PSS_ID) VALUES ('0', '0', '0', '0');